{"scene": {"grid_l": 3, "grid_w": 8, "grid_h": 3, "cell_capacity": 1000, "cell_resolution": 0.05, "x_min": [-1.9431066513061523, -0.06775461137294769, -2.092813491821289], "x_max": [2.280850887298584, 8.0181303024292, 2.5825841426849365]}, "camera": {"pose_l": 5, "pose_w": 8, "pose_h": 5, "pose_n_theta": 5, "pose_n_azim": 10, "x_min": [-2.0, 2.0, -2.0], "x_max": [2.0, 10.0, 2.0], "start_positions": [[2, 4, 4, 2, 6], [4, 2, 3, 0, 9], [0, 1, 4, 0, 8], [4, 1, 4, 4, 4], [4, 5, 3, 0, 7]], "contrast_factor": 1.1}}