{"scene": {"grid_l": 5, "grid_w": 3, "grid_h": 5, "cell_capacity": 1000, "cell_resolution": 0.05, "x_min": [-4.470438003540039, -1.6598052978515625, -5.8586883544921875], "x_max": [4.893708229064941, 4.444167613983154, 5.168331623077393]}, "camera": {"pose_l": 7, "pose_w": 5, "pose_h": 7, "pose_n_theta": 5, "pose_n_azim": 10, "x_min": [-5.0, -1.0, -6.0], "x_max": [5.0, 5.0, 5.0], "start_positions": [[2, 1, 6, 1, 4], [0, 3, 2, 3, 1], [2, 1, 2, 3, 9], [2, 1, 2, 3, 9], [6, 3, 0, 0, 6]], "contrast_factor": 1.0}}