{"scene": {"grid_l": 3, "grid_w": 5, "grid_h": 5, "cell_capacity": 1000, "cell_resolution": 0.05, "x_min": [-1.7244641780853271, 1.1454319953918457, -1.4225993156433105], "x_max": [1.9173951148986816, 5.883137226104736, 5.718632221221924]}, "camera": {"pose_l": 4, "pose_w": 7, "pose_h": 7, "pose_n_theta": 5, "pose_n_azim": 10, "x_min": [-2.0, 2.0, -2.0], "x_max": [2.0, 7.0, 6.0], "start_positions": [[2, 2, 6, 2, 6], [0, 4, 2, 1, 9], [3, 0, 4, 4, 4], [0, 0, 3, 2, 3], [1, 5, 0, 0, 3]], "contrast_factor": 1.1}}