{"scene": {"grid_l": 5, "grid_w": 3, "grid_h": 5, "cell_capacity": 1000, "cell_resolution": 0.05, "x_min": [-3.63720965385437, -0.26476559042930603, -6.617199897766113], "x_max": [3.869049310684204, 4.5260419845581055, 4.015023708343506]}, "camera": {"pose_l": 8, "pose_w": 4, "pose_h": 7, "pose_n_theta": 5, "pose_n_azim": 10, "x_min": [-4.5, 0.0, -7.5], "x_max": [4.5, 6.0, 5.0], "start_positions": [[7, 3, 0, 1, 9], [3, 3, 1, 2, 4], [0, 3, 5, 1, 2], [2, 3, 5, 0, 7], [6, 1, 5, 3, 8]], "contrast_factor": 1.5}}