{"scene": {"grid_l": 5, "grid_w": 3, "grid_h": 5, "cell_capacity": 1000, "cell_resolution": 0.05, "x_min": [-5.131645202636719, -1.07681405544281, -4.303718090057373], "x_max": [5.255924701690674, 2.2795193195343018, 3.930678606033325]}, "camera": {"pose_l": 7, "pose_w": 4, "pose_h": 7, "pose_n_theta": 5, "pose_n_azim": 10, "x_min": [-7.0, 0.0, -7.0], "x_max": [7.0, 4.0, 7.0], "start_positions": [[2, 1, 6, 1, 4], [4, 0, 4, 2, 3], [5, 3, 0, 0, 8], [2, 2, 4, 0, 2], [1, 0, 1, 0, 2]], "contrast_factor": 1.2}}