{"scene": {"grid_l": 5, "grid_w": 3, "grid_h": 5, "cell_capacity": 1000, "cell_resolution": 0.05, "x_min": [-10.052140235900879, -0.3606906533241272, -3.274386405944824], "x_max": [9.48271656036377, 3.1508758068084717, 3.578557252883911]}, "camera": {"pose_l": 10, "pose_w": 5, "pose_h": 6, "pose_n_theta": 5, "pose_n_azim": 10, "x_min": [-10.0, 0.0, -3.0], "x_max": [10.0, 4.0, 3.0], "start_positions": [[0, 3, 0, 1, 2], [2, 1, 0, 1, 7], [4, 2, 3, 2, 5], [1, 0, 3, 3, 4], [5, 1, 0, 3, 8]], "contrast_factor": 1.2}}