{"scene": {"grid_l": 7, "grid_w": 3, "grid_h": 5, "cell_capacity": 1000, "cell_resolution": 0.05, "x_min": [-8.015642166137695, -0.7179202437400818, -3.0646114349365234], "x_max": [6.753629207611084, 3.2229554653167725, 2.5212550163269043]}, "camera": {"pose_l": 8, "pose_w": 4, "pose_h": 6, "pose_n_theta": 5, "pose_n_azim": 10, "x_min": [-8.5, 0.0, -3.5], "x_max": [7.0, 4.5, 3.0], "start_positions": [[6, 1, 5, 2, 5], [7, 2, 3, 1, 3], [7, 3, 4, 2, 7], [4, 2, 3, 2, 7], [7, 1, 3, 2, 0]], "contrast_factor": 1.3}}