{"scene": {"grid_l": 3, "grid_w": 5, "grid_h": 3, "cell_capacity": 1000, "cell_resolution": 0.05, "x_min": [-2.926720380783081, -0.6467551589012146, -3.8806097507476807], "x_max": [3.097529411315918, 3.8296351432800293, 3.4781572818756104]}, "camera": {"pose_l": 5, "pose_w": 6, "pose_h": 5, "pose_n_theta": 5, "pose_n_azim": 10, "x_min": [-5.0, 0.0, -5.0], "x_max": [5.0, 6.0, 5.0], "start_positions": [[0, 1, 0, 1, 2], [1, 3, 4, 2, 5], [1, 5, 1, 0, 9], [3, 3, 1, 1, 9], [2, 5, 4, 0, 2]], "contrast_factor": 1.0}}