{"scene": {"grid_l": 6, "grid_w": 2, "grid_h": 7, "cell_capacity": 1000, "cell_resolution": 0.05, "x_min": [-5.425546646118164, -0.9794584512710571, -9.806743621826172], "x_max": [6.3774237632751465, 1.7437013387680054, 7.088710308074951]}, "camera": {"pose_l": 7, "pose_w": 3, "pose_h": 10, "pose_n_theta": 5, "pose_n_azim": 10, "x_min": [-6.0, -0.5, -10.0], "x_max": [7.0, 3.0, 7.0], "start_positions": [[1, 0, 2, 2, 0], [0, 1, 8, 4, 4], [3, 0, 5, 4, 8], [0, 1, 2, 1, 3], [3, 1, 2, 1, 9]], "contrast_factor": 1.0}}