{"scene": {"grid_l": 3, "grid_w": 8, "grid_h": 3, "cell_capacity": 1000, "cell_resolution": 0.05, "x_min": [-2.04274320602417, -0.2302749902009964, -2.2883048057556152], "x_max": [2.4207417964935303, 9.24953842163086, 2.24153733253479]}, "camera": {"pose_l": 3, "pose_w": 12, "pose_h": 3, "pose_n_theta": 5, "pose_n_azim": 10, "x_min": [-3.0, 0.0, -3.0], "x_max": [3.0, 10.0, 3.0], "start_positions": [[1, 11, 2, 1, 8], [2, 0, 1, 4, 2], [0, 2, 0, 0, 6], [1, 4, 2, 2, 6], [0, 0, 1, 1, 4]], "contrast_factor": 1.5}}