{"scene": {"grid_l": 7, "grid_w": 5, "grid_h": 5, "cell_capacity": 1000, "cell_resolution": 0.05, "x_min": [-7.959075927734375, -2.3782076835632324, -2.7882044315338135], "x_max": [6.067741870880127, 5.968692779541016, 3.306004762649536]}, "camera": {"pose_l": 9, "pose_w": 5, "pose_h": 5, "pose_n_theta": 5, "pose_n_azim": 10, "x_min": [-9.0, -1.0, -3.0], "x_max": [7.0, 7.0, 4.0], "start_positions": [[8, 1, 0, 0, 8], [5, 1, 0, 3, 9], [5, 2, 0, 0, 8], [0, 4, 4, 0, 2], [1, 2, 4, 0, 3]], "contrast_factor": 1.2}}