{"scene": {"grid_l": 5, "grid_w": 2, "grid_h": 6, "cell_capacity": 1000, "cell_resolution": 0.05, "x_min": [-5.801852226257324, -0.5798429846763611, -8.185202598571777], "x_max": [3.3371975421905518, 4.056414604187012, 1.745645523071289]}, "camera": {"pose_l": 7, "pose_w": 4, "pose_h": 7, "pose_n_theta": 5, "pose_n_azim": 10, "x_min": [-6.0, 1.0, -8.5], "x_max": [3.5, 4.5, 2.0], "start_positions": [[1, 1, 2, 1, 4], [5, 3, 3, 0, 1], [4, 3, 2, 0, 6], [4, 2, 2, 1, 2], [1, 2, 6, 0, 8]], "contrast_factor": 1.3}}